{
  "$schema": "https://json.schemastore.org/nest-cli",
  "collection": "@nestjs/schematics",
  "sourceRoot": "apps/reservations/src",
  "compilerOptions": {
    "deleteOutDir": true,
    "webpack": true,
    "tsConfigPath": "apps/reservations/tsconfig.app.json"
  },
  "projects": {
    "common": {
      "type": "library",
      "root": "libs/common",
      "entryFile": "index",
      "sourceRoot": "libs/common/src",
      "compilerOptions": {
        "tsConfigPath": "libs/common/tsconfig.lib.json"
      }
    },
    "reservations": {
      "type": "application",
      "root": "apps/reservations",
      "entryFile": "main",
      "sourceRoot": "apps/reservations/src",
      "compilerOptions": {
        "tsConfigPath": "apps/reservations/tsconfig.app.json"
      }
    },
    "auth": {
      "type": "application",
      "root": "apps/auth",
      "entryFile": "main",
      "sourceRoot": "apps/auth/src",
      "compilerOptions": {
        "tsConfigPath": "apps/auth/tsconfig.app.json"
      }
    }
  },
  "monorepo": true,
  "root": "apps/reservations"
}